model,run,seed,epochs_trained,best_epoch,best_f1_score,best_train_loss,best_val_loss,final_f1_score,final_train_loss,final_val_loss,total_training_time_seconds,total_training_time_formatted
answerdotai__ModernBERT-large,1,42,10,7,0.7114333133739142,0.0040269921612276,0.5526238456368446,0.7106101188226335,0.0009325699664809,0.5684856201211611,316.18046522140503,0:05:16
answerdotai__ModernBERT-large,2,43,10,6,0.7195321176715361,0.0107806652031708,0.549762450158596,0.7195302621112889,0.0012549601524369,0.5699872743959228,313.26445412635803,0:05:13
answerdotai__ModernBERT-large,3,44,10,10,0.7104572224105892,0.0011315471052766107,0.5494139045476913,0.7104572224105892,0.0011315471052766107,0.5494139045476913,325.95404148101807,0:05:26
