model,run,seed,epochs_trained,best_epoch,best_f1_score,best_train_loss,best_val_loss,final_f1_score,final_train_loss,final_val_loss,total_training_time_seconds,total_training_time_formatted
microsoft__deberta-v3-large,1,42,10,9,0.716076643774103,0.0115149121996838,0.626708430548509,0.7145585265651314,0.0085351764167615,0.6334053638080755,407.1352744102478,0:06:47
microsoft__deberta-v3-large,2,43,10,4,0.7376849908068813,0.1243501000192969,0.480471015907824,0.732208618413612,0.0079576774435334,0.6416088587914904,451.8974347114563,0:07:32
microsoft__deberta-v3-large,3,44,10,3,0.7297072460812457,0.23529444392337356,0.46118660892049473,0.7258029772669988,0.00954966161800765,0.6322538380821546,404.76969623565674,0:06:45
