model,run,seed,epochs_trained,best_epoch,best_f1_score,best_train_loss,best_val_loss,final_f1_score,final_train_loss,final_val_loss,total_training_time_seconds,total_training_time_formatted
roberta-base,1,42,10,9,0.7122519056516712,0.0701153491038915,0.5141360809405645,0.7120133517721926,0.0618245003441738,0.5163806614776453,176.77090406417847,0:02:57
roberta-base,2,43,10,9,0.706690631871746,0.0708136944381823,0.5552096363777915,0.7058455020140321,0.0595755365265663,0.5545044308528304,184.29791140556333,0:03:04
roberta-base,3,44,10,7,0.7115989905177986,0.1132934370489661,0.4463721526165803,0.7103776678778276,0.0649542715617044,0.471087426568071,182.89334106445312,0:03:03
roberta-base,1,42,10,9,0.7122519056516711,0.0701153491038915,0.5141360809405645,0.7120133517721927,0.0618245003441738,0.5163806614776453,178.7935037612915,0:02:59
roberta-base,2,43,10,9,0.706690631871746,0.0708136944381823,0.5552096363777915,0.7058455020140322,0.0595755365265663,0.5545044308528304,183.7208867073059,0:03:04
roberta-base,3,44,10,7,0.7115989905177986,0.1132934370489661,0.4463721526165803,0.7103776678778276,0.0649542715617044,0.47108742656807107,172.05087041854858,0:02:52
